"ID","MB","MGE","IOA","Var","Type","LON","LAT","IOA_cut"
"BO001006",0.17,1.29,0.67,"Tmax","Available data",-68.78,-11.03,".6 - .7"
"BO001006",0.04,1.13,0.58,"Tmin","Available data",-68.78,-11.03,".5 - .6"
"BO001012",0.04,1.12,0.65,"Tmin","Available data",-67.57,-14.47,".6 - .7"
"BO001012",0.09,1.36,0.72,"Tmax","Available data",-67.57,-14.47,".7 - .8"
"BO004074",-0.02,1.25,0.58,"Tmax","Available data",-68.192,-16.513,".5 - .6"
"BO004074",-0.04,1.56,0.51,"Tmin","Available data",-68.192,-16.513,".5 - .6"
"BR082610",0.18,1.57,0.58,"Tmax","Available data",-69.86777777,-6.66166666,".5 - .6"
"BR082610",0.11,1,0.5,"Tmin","Available data",-69.86777777,-6.66166666,".5 - .6"
"BR082704",-0.08,1.45,0.58,"Tmax","Available data",-72.681324,-7.610736,".5 - .6"
"BR082704",0,0.86,0.57,"Tmin","Available data",-72.681324,-7.610736,".5 - .6"
"BR082807",0.09,0.95,0.57,"Tmin","Available data",-70.7686111,-8.16027777,".5 - .6"
"BR082807",0.08,1.31,0.6,"Tmax","Available data",-70.7686111,-8.16027777,".6 - .7"
"BR082915",0.04,1.33,0.64,"Tmax","Available data",-67.86888888,-9.95916666,".6 - .7"
"BR082915",0.2,1.63,0.57,"Tmax","10-years data",-67.86888888,-9.95916666,".5 - .6"
"BR082915",0.04,0.96,0.61,"Tmin","Available data",-67.86888888,-9.95916666,".6 - .7"
"BR082915",-0.03,1.14,0.54,"Tmin","10-years data",-67.86888888,-9.95916666,".5 - .6"
"CH000083",0.49,0.97,0.49,"Tmax","10-years data",-70.3358,-18.3514,"< .5"
"CH000083",0,0.74,0.63,"Tmax","Available data",-70.3358,-18.3514,".6 - .7"
"CH000083",0.18,1.28,0.55,"Tmin","10-years data",-70.3358,-18.3514,".5 - .6"
"CH000083",0,0.89,0.69,"Tmin","Available data",-70.3358,-18.3514,".6 - .7"
"CH000370",-0.05,1.44,0.65,"Tmin","Available data",-70.1806,-18.5156,".6 - .7"
"CH000370",0.09,1.87,0.55,"Tmin","10-years data",-70.1806,-18.5156,".5 - .6"
"CH000370",0,0.86,0.63,"Tmax","Available data",-70.1806,-18.5156,".6 - .7"
"CH000370",-0.09,1.06,0.53,"Tmax","10-years data",-70.1806,-18.5156,".5 - .6"
"CH004599",0.12,2.15,0.43,"Tmin","Available data",-69.1833,-18.2353,"< .5"
"CH004599",0.1,1.75,0.56,"Tmax","Available data",-69.1833,-18.2353,".5 - .6"
"CO48015050",-0.03,0.73,0.51,"Tmin","Available data",-69.94091667,-4.19386111,".5 - .6"
"CO48015050",0.04,1.22,0.63,"Tmax","Available data",-69.94091667,-4.19386111,".6 - .7"
"EC000003",-0.17,1.21,0.56,"Tmax","Available data",-78.55,-0.36667,".5 - .6"
"EC000005",-0.16,0.8,0.56,"Tmin","Available data",-80.45972,-1.0375,".5 - .6"
"EC000005",-0.19,0.62,0.81,"Tmax","Available data",-80.45972,-1.0375,".8 - .9"
"EC000006",-0.22,1.16,0.65,"Tmax","Available data",-79.46167,-1.1,".6 - .7"
"EC000006",-0.1,0.72,0.52,"Tmin","Available data",-79.46167,-1.1,".5 - .6"
"EC000008",-0.09,1.59,0.54,"Tmax","Available data",-77.94389,-1.5075,".5 - .6"
"EC000025",-0.16,0.66,0.58,"Tmin","Available data",-79.37139,0.02667,".5 - .6"
"EC000025",-0.16,1.04,0.67,"Tmax","Available data",-79.37139,0.02667,".6 - .7"
"EC000026",-0.11,0.7,0.57,"Tmin","Available data",-79.33889,-0.47611,".5 - .6"
"EC000026",-0.17,1.08,0.68,"Tmax","Available data",-79.33889,-0.47611,".6 - .7"
"EC000033",-0.1,1.51,0.58,"Tmax","Available data",-79.20111,-4.03639,".5 - .6"
"EC000037",-0.12,0.86,0.51,"Tmin","Available data",-79.59917,-2.11556,".5 - .6"
"EC000037",-0.12,1.48,0.52,"Tmax","Available data",-79.59917,-2.11556,".5 - .6"
"EC000138",-0.06,1.36,0.62,"Tmax","Available data",-78.76278,-2.8,".6 - .7"
"EC000139",-0.02,1.41,0.61,"Tmax","Available data",-78.77639,-2.88194,".6 - .7"
"PE100007",0.3,1.75,0.64,"Tmin","Available data",-69.6267222222222,-17.5801944444444,".6 - .7"
"PE100007",0.22,1.06,0.64,"Tmax","Available data",-69.6267222222222,-17.5801944444444,".6 - .7"
"PE100015",-0.26,1.26,0.57,"Tmax","10-years data",-78.5183361111111,-6.67655,".5 - .6"
"PE100015",-0.01,1.08,0.64,"Tmax","Available data",-78.5183361111111,-6.67655,".6 - .7"
"PE100015",0.14,1.56,0.55,"Tmin","10-years data",-78.5183361111111,-6.67655,".5 - .6"
"PE100015",-0.04,1.22,0.65,"Tmin","Available data",-78.5183361111111,-6.67655,".6 - .7"
"PE100019",0.06,0.55,0.63,"Tmin","Available data",-76.6531111111111,-7.48434444444445,".6 - .7"
"PE100019",0.15,0.78,0.77,"Tmax","Available data",-76.6531111111111,-7.48434444444445,".7 - .8"
"PE100020",0.28,1.02,0.61,"Tmin","Available data",-76.3096166666667,-9.92095277777778,".6 - .7"
"PE100020",0.27,0.87,0.73,"Tmax","Available data",-76.3096166666667,-9.92095277777778,".7 - .8"
"PE100021",0.2,0.78,0.68,"Tmax","Available data",-69.8422222222222,-15.6134444444444,".6 - .7"
"PE100021",0.23,1.16,0.64,"Tmin","Available data",-69.8422222222222,-15.6134444444444,".6 - .7"
"PE100022",-0.12,0.86,0.49,"Tmin","Available data",-74.2451916666667,-15.8654888888889,"< .5"
"PE100022",-0.06,0.89,0.49,"Tmax","Available data",-74.2451916666667,-15.8654888888889,"< .5"
"PE100026",0.39,1.36,0.47,"Tmax","Available data",-73.8708944444444,-15.7476527777778,"< .5"
"PE100026",0.52,1.6,0.41,"Tmin","Available data",-73.8708944444444,-15.7476527777778,"< .5"
"PE100028",-0.08,0.82,0.67,"Tmin","Available data",-79.561175,-7.11887222222222,".6 - .7"
"PE100028",-0.02,0.78,0.62,"Tmax","Available data",-79.561175,-7.11887222222222,".6 - .7"
"PE100030",0.18,1.17,0.53,"Tmin","Available data",-71.4677777777778,-13.0238888888889,".5 - .6"
"PE100034",0.16,0.86,0.59,"Tmin","Available data",-75.0058333333333,-7.35222222222222,".5 - .6"
"PE100034",0.19,1.5,0.63,"Tmax","Available data",-75.0058333333333,-7.35222222222222,".6 - .7"
"PE100037",0.1,0.49,0.72,"Tmin","Available data",-78.5410555555556,-7.42856944444444,".7 - .8"
"PE100037",0.25,0.83,0.69,"Tmax","Available data",-78.5410555555556,-7.42856944444444,".6 - .7"
"PE100043",-0.12,1.11,0.62,"Tmin","Available data",-76.13425,-13.4578055555556,".6 - .7"
"PE100043",-0.08,0.86,0.67,"Tmax","Available data",-76.13425,-13.4578055555556,".6 - .7"
"PE100044",0,1.09,0.66,"Tmax","Available data",-71.8751694444444,-13.5567472222222,".6 - .7"
"PE100044",-0.07,1.3,0.6,"Tmax","10-years data",-71.8751694444444,-13.5567472222222,".6 - .7"
"PE100044",0.13,1.61,0.54,"Tmin","10-years data",-71.8751694444444,-13.5567472222222,".5 - .6"
"PE100044",-0.01,1.39,0.61,"Tmin","Available data",-71.8751694444444,-13.5567472222222,".6 - .7"
"PE100046",0.33,0.95,0.68,"Tmax","Available data",-75.9664055555556,-13.7411361111111,".6 - .7"
"PE100046",0.03,0.88,0.65,"Tmin","Available data",-75.9664055555556,-13.7411361111111,".6 - .7"
"PE100059",0.2,1,0.69,"Tmin","Available data",-70.5427027777778,-16.1410861111111,".6 - .7"
"PE100059",0.43,1.28,0.61,"Tmax","Available data",-70.5427027777778,-16.1410861111111,".6 - .7"
"PE100061",0.14,1.13,0.6,"Tmax","Available data",-77.67,-11.01923,".6 - .7"
"PE100061",0.05,0.67,0.73,"Tmin","Available data",-77.67,-11.01923,".7 - .8"
"PE100072",-0.02,0.68,0.63,"Tmin","Available data",-80.5692666666667,-3.62829166666667,".6 - .7"
"PE100072",-0.05,1.04,0.57,"Tmax","Available data",-80.5692666666667,-3.62829166666667,".5 - .6"
"PE100081",0.31,1.18,0.59,"Tmax","10-years data",-70.3741666666667,-15.3610833333333,".5 - .6"
"PE100081",0.06,1.31,0.68,"Tmin","Available data",-70.3741666666667,-15.3610833333333,".6 - .7"
"PE100081",0.17,0.92,0.67,"Tmax","Available data",-70.3741666666667,-15.3610833333333,".6 - .7"
"PE100081",-0.08,1.84,0.55,"Tmin","10-years data",-70.3741666666667,-15.3610833333333,".5 - .6"
"PE100092",0.15,0.78,0.69,"Tmax","Available data",-79.1290166666667,-6.92511388888889,".6 - .7"
"PE100092",0.12,0.77,0.66,"Tmin","Available data",-79.1290166666667,-6.92511388888889,".6 - .7"
"PE100101",0.2,0.92,0.62,"Tmin","Available data",-71.8508611111111,-13.4195,".6 - .7"
"PE100101",0.35,1.3,0.67,"Tmax","Available data",-71.8508611111111,-13.4195,".6 - .7"
"PE100104",0.13,0.56,0.65,"Tmin","Available data",-76.28175,-6.33047222222222,".6 - .7"
"PE100104",0.19,0.95,0.72,"Tmax","Available data",-76.28175,-6.33047222222222,".7 - .8"
"PE100110",0.24,1.12,0.58,"Tmin","10-years data",-70.0120833333333,-15.82625,".5 - .6"
"PE100110",0.39,1.15,0.6,"Tmax","10-years data",-70.0120833333333,-15.82625,".6 - .7"
"PE100110",-0.02,0.94,0.67,"Tmax","Available data",-70.0120833333333,-15.82625,".6 - .7"
"PE100110",-0.02,0.93,0.65,"Tmin","Available data",-70.0120833333333,-15.82625,".6 - .7"
"PE100119",0.05,0.74,0.63,"Tmin","Available data",-75.01225,-11.6181111111111,".6 - .7"
"PE100119",0.12,0.87,0.59,"Tmax","Available data",-75.01225,-11.6181111111111,".5 - .6"
"PE100120",0.18,1.14,0.63,"Tmax","Available data",-74.7858333333333,-12.1994444444445,".6 - .7"
"PE100120",0.03,0.67,0.55,"Tmin","Available data",-74.7858333333333,-12.1994444444445,".5 - .6"
"PE100121",0.27,0.84,0.77,"Tmax","Available data",-75.2163916666667,-8.83444444444445,".7 - .8"
"PE100121",0.14,0.64,0.64,"Tmin","Available data",-75.2163916666667,-8.83444444444445,".6 - .7"
"PE100127",0.31,0.82,0.72,"Tmax","Available data",-74.3906666666667,-13.0874222222222,".7 - .8"
"PE100127",0.07,0.84,0.62,"Tmin","Available data",-74.3906666666667,-13.0874222222222,".6 - .7"
"PE100128",0.34,1.73,0.54,"Tmax","10-years data",-76.0836111111111,-5.93361111111111,".5 - .6"
"PE100128",0.04,1.38,0.62,"Tmax","Available data",-76.0836111111111,-5.93361111111111,".6 - .7"
"PE100128",-0.13,1.13,0.46,"Tmin","10-years data",-76.0836111111111,-5.93361111111111,"< .5"
"PE100128",0.03,1.01,0.5,"Tmin","Available data",-76.0836111111111,-5.93361111111111,".5 - .6"
"PE100136",0.01,0.86,0.64,"Tmax","Available data",-79.4190583333333,-7.28009166666667,".6 - .7"
"PE100136",0.07,0.89,0.7,"Tmin","Available data",-79.4190583333333,-7.28009166666667,".7 - .8"
"PE100137",0.05,0.9,0.53,"Tmin","Available data",-76.5804916666667,-8.11523888888889,".5 - .6"
"PE100137",0.15,1.24,0.64,"Tmax","Available data",-76.5804916666667,-8.11523888888889,".6 - .7"
"PE100142",-0.14,1.32,0.53,"Tmin","10-years data",-70.8539444444444,-16.3720555555556,".5 - .6"
"PE100142",-0.02,1.19,0.62,"Tmax","Available data",-70.8539444444444,-16.3720555555556,".6 - .7"
"PE100142",0.02,1.03,0.64,"Tmin","Available data",-70.8539444444444,-16.3720555555556,".6 - .7"
"PE100142",0.13,1.5,0.51,"Tmax","10-years data",-70.8539444444444,-16.3720555555556,".5 - .6"
"PE100150",-0.12,0.83,0.63,"Tmax","Available data",-70.867,-17.0907777777778,".6 - .7"
"PE100150",-0.05,1.18,0.53,"Tmin","Available data",-70.867,-17.0907777777778,".5 - .6"
"PE103031",-0.01,1.36,0.6,"Tmax","Available data",-70.5120555555556,-3.91125,".6 - .7"
"PE103036",-0.24,1.05,0.58,"Tmax","Available data",-80.5054583333333,-3.8119,".5 - .6"
"PE103036",-0.08,0.63,0.65,"Tmin","Available data",-80.5054583333333,-3.8119,".6 - .7"
"PE103043",0.01,0.81,0.6,"Tmin","Available data",-80.4018166666667,-3.97594166666667,".6 - .7"
"PE103043",-0.09,1.29,0.53,"Tmax","Available data",-80.4018166666667,-3.97594166666667,".5 - .6"
"PE103046",-0.11,0.78,0.77,"Tmax","Available data",-73.2932222222222,-3.78652777777778,".7 - .8"
"PE103046",0.14,0.5,0.68,"Tmin","Available data",-73.2932222222222,-3.78652777777778,".6 - .7"
"PE103049",-0.02,0.91,0.73,"Tmax","Available data",-73.1611166666667,-4.00355833333333,".7 - .8"
"PE103052",-0.02,0.42,0.75,"Tmin","Available data",-73.29325,-3.78655555555555,".7 - .8"
"PE103052",-0.03,0.76,0.75,"Tmax","Available data",-73.29325,-3.78655555555555,".7 - .8"
"PE103057",-0.03,0.59,0.82,"Tmax","Available data",-73.2549166666667,-3.76397222222222,".8 - .9"
"PE104016",0.25,1.09,0.57,"Tmax","Available data",-80.547175,-4.64287777777778,".5 - .6"
"PE104016",-0.13,0.99,0.59,"Tmin","Available data",-80.547175,-4.64287777777778,".5 - .6"
"PE104056",0,1.05,0.65,"Tmax","Available data",-73.58375,-4.51336111111111,".6 - .7"
"PE104056",0.11,0.8,0.5,"Tmin","Available data",-73.58375,-4.51336111111111,".5 - .6"
"PE104059",-0.01,0.88,0.52,"Tmin","Available data",-79.7579222222222,-4.752375,".5 - .6"
"PE104059",0.03,0.98,0.45,"Tmin","10-years data",-79.7579222222222,-4.752375,"< .5"
"PE104071",-0.03,0.84,0.5,"Tmin","Available data",-73.6694444444445,-4.91002777777778,".5 - .6"
"PE104071",0.18,0.95,0.42,"Tmin","10-years data",-73.6694444444445,-4.91002777777778,"< .5"
"PE104071",-0.05,1.32,0.6,"Tmax","Available data",-73.6694444444445,-4.91002777777778,".6 - .7"
"PE104071",-0.03,1.56,0.54,"Tmax","10-years data",-73.6694444444445,-4.91002777777778,".5 - .6"
"PE104079",-0.02,0.59,0.77,"Tmin","Available data",-80.7355555555555,-4.85574166666667,".7 - .8"
"PE104079",-0.47,1.09,0.6,"Tmin","10-years data",-80.7355555555555,-4.85574166666667,".6 - .7"
"PE104079",-0.03,1.02,0.66,"Tmax","Available data",-80.7355555555555,-4.85574166666667,".6 - .7"
"PE104079",-0.34,1.55,0.5,"Tmax","10-years data",-80.7355555555555,-4.85574166666667,".5 - .6"
"PE104090",0,1.08,0.57,"Tmax","Available data",-81.0596916666667,-4.92113611111111,".5 - .6"
"PE104090",-0.03,1.24,0.52,"Tmax","10-years data",-81.0596916666667,-4.92113611111111,".5 - .6"
"PE104090",0.01,0.65,0.73,"Tmin","Available data",-81.0596916666667,-4.92113611111111,".7 - .8"
"PE104090",-0.1,0.85,0.66,"Tmin","10-years data",-81.0596916666667,-4.92113611111111,".6 - .7"
"PE105001",-0.06,1.18,0.52,"Tmax","Available data",-80.61683,-5.20663,".5 - .6"
"PE105001",-0.01,0.8,0.71,"Tmin","Available data",-80.61683,-5.20663,".7 - .8"
"PE105012",-0.02,0.52,0.76,"Tmin","Available data",-80.7426222222222,-5.45449444444444,".7 - .8"
"PE105012",0.2,0.72,0.69,"Tmax","Available data",-80.7426222222222,-5.45449444444444,".6 - .7"
"PE105022",0.11,1.15,0.59,"Tmax","Available data",-79.4313694444444,-5.33979444444444,".5 - .6"
"PE105042",0.19,0.82,0.76,"Tmax","Available data",-78.23725,-5.89369444444444,".7 - .8"
"PE105054",0,0.98,0.66,"Tmax","Available data",-79.8597,-5.7643,".6 - .7"
"PE105054",0.03,0.58,0.75,"Tmin","Available data",-79.8597,-5.7643,".7 - .8"
"PE105055",0.1,0.97,0.73,"Tmax","Available data",-79.4539916666667,-5.24680555555556,".7 - .8"
"PE105056",-0.03,0.5,0.85,"Tmax","Available data",-79.284925,-5.31523055555556,".8 - .9"
"PE105056",0.35,1.07,0.49,"Tmin","10-years data",-79.284925,-5.31523055555556,"< .5"
"PE105062",0.07,0.71,0.73,"Tmax","Available data",-78.8976666666667,-5.67175,".7 - .8"
"PE105063",0.03,0.94,0.67,"Tmax","Available data",-80.6843583333333,-5.24620277777778,".6 - .7"
"PE105063",-0.35,1.12,0.6,"Tmin","10-years data",-80.6843583333333,-5.24620277777778,".6 - .7"
"PE105063",-0.69,1.5,0.47,"Tmax","10-years data",-80.6843583333333,-5.24620277777778,"< .5"
"PE105063",0.03,0.63,0.76,"Tmin","Available data",-80.6843583333333,-5.24620277777778,".7 - .8"
"PE105064",0.14,1.55,0.58,"Tmax","Available data",-79.5254222222222,-5.56598611111111,".5 - .6"
"PE105064",-0.01,0.88,0.58,"Tmin","Available data",-79.5254222222222,-5.56598611111111,".5 - .6"
"PE105070",-0.04,0.95,0.73,"Tmax","Available data",-80.1695638888889,-5.10843333333333,".7 - .8"
"PE105070",-0.03,0.77,0.74,"Tmin","Available data",-80.1695638888889,-5.10843333333333,".7 - .8"
"PE105075",0.06,0.75,0.54,"Tmin","Available data",-78.4355277777778,-5.41993611111111,".5 - .6"
"PE105079",0.1,1,0.6,"Tmin","Available data",-77.9756944444444,-5.94484444444444,".6 - .7"
"PE105079",0.04,1.05,0.71,"Tmax","Available data",-77.9756944444444,-5.94484444444444,".7 - .8"
"PE105100",0,0.57,0.78,"Tmin","Available data",-80.6165416666667,-5.17527777777778,".7 - .8"
"PE105100",-0.3,1.08,0.6,"Tmin","10-years data",-80.6165416666667,-5.17527777777778,".6 - .7"
"PE105100",-0.01,0.74,0.7,"Tmax","Available data",-80.6165416666667,-5.17527777777778,".7 - .8"
"PE105100",0.17,1.18,0.53,"Tmax","10-years data",-80.6165416666667,-5.17527777777778,".5 - .6"
"PE105103",0.19,0.61,0.81,"Tmax","Available data",-77.3926388888889,-5.80963888888889,".8 - .9"
"PE105103",0.02,0.49,0.74,"Tmin","Available data",-77.3926388888889,-5.80963888888889,".7 - .8"
"PE105105",-0.18,1.17,0.53,"Tmax","10-years data",-80.81275,-5.52756388888889,".5 - .6"
"PE105105",-0.02,0.65,0.74,"Tmin","Available data",-80.81275,-5.52756388888889,".7 - .8"
"PE105105",-0.35,0.96,0.65,"Tmin","10-years data",-80.81275,-5.52756388888889,".6 - .7"
"PE105105",-0.02,0.86,0.65,"Tmax","Available data",-80.81275,-5.52756388888889,".6 - .7"
"PE105106",-0.1,1.31,0.61,"Tmax","10-years data",-79.971075,-5.19464444444445,".6 - .7"
"PE105106",0.02,0.71,0.71,"Tmin","Available data",-79.971075,-5.19464444444445,".7 - .8"
"PE105106",-0.1,0.88,0.64,"Tmin","10-years data",-79.971075,-5.19464444444445,".6 - .7"
"PE105106",-0.03,0.95,0.72,"Tmax","Available data",-79.971075,-5.19464444444445,".7 - .8"
"PE106010",0.18,0.77,0.73,"Tmax","Available data",-78.14485,-6.85292222222222,".7 - .8"
"PE106010",0.22,0.92,0.71,"Tmin","Available data",-78.14485,-6.85292222222222,".7 - .8"
"PE106013",-0.01,0.69,0.79,"Tmax","Available data",-77.1719722222222,-6.04727777777778,".7 - .8"
"PE106013",0.07,0.55,0.73,"Tmin","Available data",-77.1719722222222,-6.04727777777778,".7 - .8"
"PE106016",0.1,1.13,0.66,"Tmax","Available data",-76.5279444444444,-6.41875,".6 - .7"
"PE106018",-0.05,1.48,0.57,"Tmax","Available data",-75.7314444444445,-6.37586111111111,".5 - .6"
"PE106019",0.12,0.65,0.72,"Tmin","Available data",-78.8111861111111,-6.97833055555556,".7 - .8"
"PE106019",0.14,0.51,0.78,"Tmax","Available data",-78.8111861111111,-6.97833055555556,".7 - .8"
"PE106032",0.13,0.81,0.76,"Tmax","Available data",-76.7682277777778,-6.94313055555556,".7 - .8"
"PE106032",0.05,0.6,0.65,"Tmin","Available data",-76.7682277777778,-6.94313055555556,".6 - .7"
"PE106034",0.09,0.94,0.65,"Tmax","Available data",-78.6486305555556,-6.54712777777778,".6 - .7"
"PE106034",0.11,0.66,0.7,"Tmin","Available data",-78.6486305555556,-6.54712777777778,".7 - .8"
"PE106036",0.04,0.83,0.67,"Tmax","Available data",-79.6000194444444,-6.80141111111111,".6 - .7"
"PE106036",-0.04,0.77,0.7,"Tmin","Available data",-79.6000194444444,-6.80141111111111,".7 - .8"
"PE106038",0.14,0.63,0.65,"Tmin","Available data",-78.8530805555556,-6.99684444444444,".6 - .7"
"PE106038",0.24,0.79,0.7,"Tmax","Available data",-78.8530805555556,-6.99684444444444,".7 - .8"
"PE106039",0.24,1.04,0.64,"Tmax","Available data",-78.744,-6.82274722222222,".6 - .7"
"PE106039",0.28,0.85,0.71,"Tmin","Available data",-78.744,-6.82274722222222,".7 - .8"
"PE106040",-0.31,1.38,0.65,"Tmax","Available data",-76.31825,-6.58902777777778,".6 - .7"
"PE106040",-0.01,0.54,0.7,"Tmin","Available data",-76.31825,-6.58902777777778,".7 - .8"
"PE106042",0.01,1.06,0.68,"Tmin","Available data",-79.5470138888889,-6.88079444444444,".6 - .7"
"PE106042",-0.04,1.52,0.48,"Tmax","Available data",-79.5470138888889,-6.88079444444444,"< .5"
"PE106042",-0.09,1.69,0.39,"Tmax","10-years data",-79.5470138888889,-6.88079444444444,"< .5"
"PE106042",-0.55,1.35,0.58,"Tmin","10-years data",-79.5470138888889,-6.88079444444444,".5 - .6"
"PE106045",-0.14,0.87,0.66,"Tmax","Available data",-79.7791699999999,-6.72833,".6 - .7"
"PE106045",-0.04,0.8,0.71,"Tmin","Available data",-79.7791699999999,-6.72833,".7 - .8"
"PE106046",0.2,1.01,0.6,"Tmin","10-years data",-79.8355,-6.88613055555556,".6 - .7"
"PE106046",0.78,1.47,0.44,"Tmax","10-years data",-79.8355,-6.88613055555556,"< .5"
"PE106046",0,0.96,0.66,"Tmax","Available data",-79.8355,-6.88613055555556,".6 - .7"
"PE106046",0.02,0.78,0.7,"Tmin","Available data",-79.8355,-6.88613055555556,".7 - .8"
"PE106047",-0.06,1.18,0.61,"Tmin","10-years data",-79.7686916666667,-6.33159166666667,".6 - .7"
"PE106047",0.08,1.27,0.56,"Tmax","10-years data",-79.7686916666667,-6.33159166666667,".5 - .6"
"PE106047",0.03,0.99,0.65,"Tmax","Available data",-79.7686916666667,-6.33159166666667,".6 - .7"
"PE106047",0.02,0.97,0.67,"Tmin","Available data",-79.7686916666667,-6.33159166666667,".6 - .7"
"PE106052",-0.12,0.64,0.71,"Tmin","Available data",-79.2016583333333,-6.81746388888889,".7 - .8"
"PE106052",-0.17,1.07,0.64,"Tmax","Available data",-79.2016583333333,-6.81746388888889,".6 - .7"
"PE106053",0.04,1.21,0.6,"Tmax","Available data",-79.1226194444444,-6.51443055555556,".6 - .7"
"PE106053",0.02,0.99,0.6,"Tmin","Available data",-79.1226194444444,-6.51443055555556,".6 - .7"
"PE106054",0.08,0.5,0.65,"Tmin","Available data",-78.96315,-6.453675,".6 - .7"
"PE106054",0.28,1.02,0.67,"Tmax","Available data",-78.96315,-6.453675,".6 - .7"
"PE106056",0.06,0.95,0.73,"Tmin","Available data",-78.9476138888889,-6.61656666666667,".7 - .8"
"PE106056",0.04,0.35,0.85,"Tmax","Available data",-78.9476138888889,-6.61656666666667,".8 - .9"
"PE106057",-0.01,0.91,0.61,"Tmin","Available data",-78.8051222222222,-6.37963888888889,".6 - .7"
"PE106057",0.05,0.89,0.63,"Tmax","Available data",-78.8051222222222,-6.37963888888889,".6 - .7"
"PE106068",0.3,0.93,0.64,"Tmax","Available data",-79.0937666666667,-6.81474444444444,".6 - .7"
"PE106068",0.1,0.53,0.68,"Tmin","Available data",-79.0937666666667,-6.81474444444444,".6 - .7"
"PE106083",0.13,0.56,0.65,"Tmin","Available data",-77.0970833333333,-6.14383333333333,".6 - .7"
"PE106083",0.24,0.61,0.81,"Tmax","Available data",-77.0970833333333,-6.14383333333333,".8 - .9"
"PE106091",0.07,0.69,0.61,"Tmin","Available data",-76.57625,-6.80955555555556,".6 - .7"
"PE106091",0.19,0.74,0.78,"Tmax","Available data",-76.57625,-6.80955555555556,".7 - .8"
"PE106092",0.32,0.81,0.78,"Tmax","Available data",-76.7380555555556,-6.517,".7 - .8"
"PE106092",0.15,0.6,0.67,"Tmin","Available data",-76.7380555555556,-6.517,".6 - .7"
"PE106096",0.19,0.88,0.56,"Tmin","Available data",-76.4071972222222,-6.41273888888889,".5 - .6"
"PE106096",0.2,0.99,0.71,"Tmax","Available data",-76.4071972222222,-6.41273888888889,".7 - .8"
"PE106108",0.52,1.06,0.62,"Tmin","10-years data",-79.9098333333333,-6.734375,".6 - .7"
"PE106108",0.04,0.83,0.69,"Tmax","Available data",-79.9098333333333,-6.734375,".6 - .7"
"PE106108",0.57,1.19,0.55,"Tmax","10-years data",-79.9098333333333,-6.734375,".5 - .6"
"PE106108",0.06,0.71,0.74,"Tmin","Available data",-79.9098333333333,-6.734375,".7 - .8"
"PE106109",0.03,0.91,0.68,"Tmin","Available data",-79.3206166666667,-6.86394444444444,".6 - .7"
"PE106109",0.17,0.93,0.65,"Tmax","Available data",-79.3206166666667,-6.86394444444444,".6 - .7"
"PE107002",0.4,0.98,0.75,"Tmin","Available data",-78.6333944444444,-7.03753055555556,".7 - .8"
"PE107002",0.03,0.74,0.69,"Tmax","Available data",-78.6333944444444,-7.03753055555556,".6 - .7"
"PE107005",0,0.52,0.74,"Tmin","Available data",-78.4910583333333,-7.29756111111111,".7 - .8"
"PE107006",0.08,0.9,0.76,"Tmin","Available data",-78.1727,-7.32248611111111,".7 - .8"
"PE107006",-0.05,0.81,0.7,"Tmax","Available data",-78.1727,-7.32248611111111,".7 - .8"
"PE107008",0.14,0.81,0.72,"Tmax","Available data",-78.0513083333333,-7.62166388888889,".7 - .8"
"PE107008",0.15,0.77,0.7,"Tmin","Available data",-78.0513083333333,-7.62166388888889,".7 - .8"
"PE107009",0.16,0.94,0.73,"Tmin","Available data",-78.0401333333333,-7.81915833333333,".7 - .8"
"PE107009",0,0.5,0.8,"Tmax","Available data",-78.0401333333333,-7.81915833333333,".8 - .9"
"PE107010",0.24,0.86,0.73,"Tmax","Available data",-76.7709166666667,-7.29322222222222,".7 - .8"
"PE107010",0.18,0.71,0.62,"Tmin","Available data",-76.7709166666667,-7.29322222222222,".6 - .7"
"PE107012",0.1,0.57,0.84,"Tmax","Available data",-76.5583611111111,-7.05516666666667,".8 - .9"
"PE107013",0.03,0.87,0.78,"Tmax","Available data",-76.49275,-7.16319444444444,".7 - .8"
"PE107013",0.07,0.79,0.59,"Tmin","Available data",-76.49275,-7.16319444444444,".5 - .6"
"PE107017",0.07,0.44,0.76,"Tmin","Available data",-78.6526111111111,-7.25346111111111,".7 - .8"
"PE107018",0.12,0.5,0.73,"Tmin","Available data",-78.515825,-7.32604444444444,".7 - .8"
"PE107018",0.05,1.1,0.7,"Tmax","Available data",-78.515825,-7.32604444444444,".7 - .8"
"PE107028",-0.12,1.12,0.54,"Tmax","10-years data",-78.4930944444445,-7.16749444444444,".5 - .6"
"PE107028",0,1.33,0.67,"Tmin","Available data",-78.4930944444445,-7.16749444444444,".6 - .7"
"PE107028",-0.01,0.94,0.61,"Tmax","Available data",-78.4930944444445,-7.16749444444444,".6 - .7"
"PE107028",0.16,1.71,0.58,"Tmin","10-years data",-78.4930944444445,-7.16749444444444,".5 - .6"
"PE107037",0.14,0.88,0.67,"Tmax","Available data",-78.3278222222222,-7.20060277777778,".6 - .7"
"PE107037",0.14,1.07,0.7,"Tmin","Available data",-78.3278222222222,-7.20060277777778,".7 - .8"
"PE107052",0.23,0.75,0.71,"Tmax","Available data",-78.8227277777778,-7.36521388888889,".7 - .8"
"PE107052",0.13,0.65,0.73,"Tmin","Available data",-78.8227277777778,-7.36521388888889,".7 - .8"
"PE107054",0.03,0.69,0.72,"Tmax","Available data",-78.477275,-7.76746666666667,".7 - .8"
"PE107054",0.17,0.52,0.68,"Tmin","Available data",-78.477275,-7.76746666666667,".6 - .7"
"PE107057",0.09,0.46,0.71,"Tmin","Available data",-78.9267333333333,-7.42819166666667,".7 - .8"
"PE107069",0.24,0.86,0.77,"Tmax","Available data",-76.4138888888889,-7.40711111111111,".7 - .8"
"PE107093",0.28,0.71,0.71,"Tmax","Available data",-78.3331388888889,-7.12327222222222,".7 - .8"
"PE107093",0.4,1.18,0.72,"Tmin","Available data",-78.3331388888889,-7.12327222222222,".7 - .8"
"PE108004",0.04,1.14,0.65,"Tmin","Available data",-78.8502799999999,-8.08361,".6 - .7"
"PE108004",-0.01,1.12,0.61,"Tmax","Available data",-78.8502799999999,-8.08361,".6 - .7"
"PE108017",0.04,1.37,0.61,"Tmax","Available data",-77.4573333333333,-8.82170277777778,".6 - .7"
"PE108017",0.25,1.46,0.53,"Tmin","Available data",-77.4573333333333,-8.82170277777778,".5 - .6"
"PE108026",0.28,0.81,0.79,"Tmax","Available data",-74.8661305555555,-8.58249444444444,".7 - .8"
"PE108026",0.15,0.78,0.62,"Tmin","Available data",-74.8661305555555,-8.58249444444444,".6 - .7"
"PE108027",0.25,1.06,0.7,"Tmax","Available data",-75.0968055555556,-8.45,".7 - .8"
"PE108028",0.22,0.84,0.57,"Tmin","Available data",-75.5063333333333,-9.04230555555556,".5 - .6"
"PE108028",0.35,1.04,0.72,"Tmax","Available data",-75.5063333333333,-9.04230555555556,".7 - .8"
"PE108033",0.2,1.35,0.62,"Tmax","10-years data",-76.1117083333333,-8.92986944444444,".6 - .7"
"PE108033",0.09,0.76,0.79,"Tmax","Available data",-76.1117083333333,-8.92986944444444,".7 - .8"
"PE108034",0.31,0.76,0.79,"Tmax","Available data",-74.7088166666667,-8.92749444444444,".7 - .8"
"PE108034",0.18,0.53,0.7,"Tmin","Available data",-74.7088166666667,-8.92749444444444,".7 - .8"
"PE108068",-0.08,1.04,0.61,"Tmin","Available data",-78.9851,-8.112025,".6 - .7"
"PE108068",0.02,0.99,0.61,"Tmax","Available data",-78.9851,-8.112025,".6 - .7"
"PE109003",-0.43,1.36,0.5,"Tmin","10-years data",-76.2485555555556,-9.95201111111111,".5 - .6"
"PE109003",0.02,1.2,0.56,"Tmin","Available data",-76.2485555555556,-9.95201111111111,".5 - .6"
"PE109003",-0.28,1.24,0.59,"Tmax","10-years data",-76.2485555555556,-9.95201111111111,".5 - .6"
"PE109003",0.06,1.02,0.66,"Tmax","Available data",-76.2485555555556,-9.95201111111111,".6 - .7"
"PE109009",-0.02,0.91,0.67,"Tmax","Available data",-77.5248611111111,-9.51652777777778,".6 - .7"
"PE109009",0.16,1.15,0.56,"Tmin","Available data",-77.5248611111111,-9.51652777777778,".5 - .6"
"PE109014",0.25,1.13,0.56,"Tmin","Available data",-78.20825,-9.43370555555556,".5 - .6"
"PE109014",0.03,1.36,0.48,"Tmax","Available data",-78.20825,-9.43370555555556,"< .5"
"PE109017",0,1.61,0.51,"Tmin","Available data",-77.4536527777778,-9.72919444444445,".5 - .6"
"PE109017",0.05,0.85,0.68,"Tmax","Available data",-77.4536527777778,-9.72919444444445,".6 - .7"
"PE109020",0.11,0.75,0.46,"Tmin","Available data",-76.09425,-9.70566666666667,"< .5"
"PE109020",0.4,1.5,0.59,"Tmax","Available data",-76.09425,-9.70566666666667,".5 - .6"
"PE109027",0.19,0.56,0.61,"Tmin","Available data",-76.0005,-9.31016666666667,".6 - .7"
"PE109027",0,0.47,0.85,"Tmax","Available data",-76.0005,-9.31016666666667,".8 - .9"
"PE109028",0.04,0.38,0.81,"Tmin","Available data",-76.0094361111111,-9.14705555555556,".8 - .9"
"PE109028",0.08,0.61,0.82,"Tmax","Available data",-76.0094361111111,-9.14705555555556,".8 - .9"
"PE109032",0.14,0.67,0.61,"Tmin","Available data",-74.96375,-9.38511111111111,".6 - .7"
"PE109032",0.31,0.95,0.73,"Tmax","Available data",-74.96375,-9.38511111111111,".7 - .8"
"PE109077",0.16,0.96,0.62,"Tmin","Available data",-76.7736111111111,-9.71694444444444,".6 - .7"
"PE109077",0.11,1.36,0.62,"Tmax","Available data",-76.7736111111111,-9.71694444444444,".6 - .7"
"PE110008",0.09,0.59,0.65,"Tmin","Available data",-74.8668055555555,-10.9335277777778,".6 - .7"
"PE110020",0.07,1.05,0.52,"Tmin","Available data",-76.7687027777778,-10.6676916666667,".5 - .6"
"PE110020",0,1.31,0.6,"Tmax","Available data",-76.7687027777778,-10.6676916666667,".6 - .7"
"PE110021",-0.16,1.27,0.58,"Tmax","Available data",-76.7370111111111,-10.9216166666667,".5 - .6"
"PE110021",0.02,0.76,0.71,"Tmin","Available data",-76.7370111111111,-10.9216166666667,".7 - .8"
"PE110025",0.11,1.57,0.5,"Tmin","Available data",-76.1765833333333,-10.32925,".5 - .6"
"PE110025",0.25,1.36,0.59,"Tmax","Available data",-76.1765833333333,-10.32925,".5 - .6"
"PE110027",0.24,0.89,0.57,"Tmin","Available data",-75.5502777777778,-10.0502777777778,".5 - .6"
"PE110027",0.2,1.22,0.61,"Tmax","Available data",-75.5502777777778,-10.0502777777778,".6 - .7"
"PE111004",-0.06,0.81,0.68,"Tmin","Available data",-77.5501055555556,-11.0606805555556,".6 - .7"
"PE111004",-0.35,1.22,0.58,"Tmax","10-years data",-77.5501055555556,-11.0606805555556,".5 - .6"
"PE111004",-0.06,0.92,0.68,"Tmax","Available data",-77.5501055555556,-11.0606805555556,".6 - .7"
"PE111004",-0.16,1.04,0.59,"Tmin","10-years data",-77.5501055555556,-11.0606805555556,".5 - .6"
"PE111005",0.09,1.06,0.68,"Tmax","Available data",-75.4868888888889,-11.7866388888889,".6 - .7"
"PE111005",-0.03,1.19,0.67,"Tmin","Available data",-75.4868888888889,-11.7866388888889,".6 - .7"
"PE111018",-0.08,0.65,0.66,"Tmin","Available data",-77.3683916666667,-11.3601416666667,".6 - .7"
"PE111018",0.06,1.38,0.61,"Tmax","Available data",-77.3683916666667,-11.3601416666667,".6 - .7"
"PE111020",0.13,1.27,0.58,"Tmin","Available data",-77.38361,-11.21694,".5 - .6"
"PE111020",0.1,1.5,0.54,"Tmax","Available data",-77.38361,-11.21694,".5 - .6"
"PE111022",-0.3,0.99,0.57,"Tmin","10-years data",-77.1220055555555,-11.4528083333333,".5 - .6"
"PE111022",-0.02,1.33,0.62,"Tmax","Available data",-77.1220055555555,-11.4528083333333,".6 - .7"
"PE111022",-0.26,1.55,0.56,"Tmax","10-years data",-77.1220055555555,-11.4528083333333,".5 - .6"
"PE111022",0,0.8,0.63,"Tmin","Available data",-77.1220055555555,-11.4528083333333,".6 - .7"
"PE111025",-0.11,0.75,0.72,"Tmax","Available data",-77.23567,-11.521,".7 - .8"
"PE111025",-0.09,0.67,0.7,"Tmin","Available data",-77.23567,-11.521,".7 - .8"
"PE111026",0.23,0.79,0.67,"Tmax","Available data",-76.6256944444444,-11.4712138888889,".6 - .7"
"PE111027",0.01,1.03,0.62,"Tmax","Available data",-76.3780277777778,-11.8391277777778,".6 - .7"
"PE111027",0,1.03,0.51,"Tmin","Available data",-76.3780277777778,-11.8391277777778,".5 - .6"
"PE111028",0.06,0.73,0.72,"Tmin","Available data",-76.3248638888889,-11.4043972222222,".7 - .8"
"PE111028",-0.04,0.73,0.74,"Tmax","Available data",-76.3248638888889,-11.4043972222222,".7 - .8"
"PE111029",-0.01,1.19,0.61,"Tmax","Available data",-75.6902777777778,-11.3969444444444,".6 - .7"
"PE111029",-0.02,1.22,0.52,"Tmin","Available data",-75.6902777777778,-11.3969444444444,".5 - .6"
"PE111039",0.02,0.81,0.59,"Tmin","Available data",-74.2502777777778,-11.1336111111111,".5 - .6"
"PE111046",0.06,0.91,0.7,"Tmax","Available data",-75.9576111111111,-11.5717777777778,".7 - .8"
"PE111046",0.14,1.42,0.63,"Tmin","Available data",-75.9576111111111,-11.5717777777778,".6 - .7"
"PE111047",-0.03,0.69,0.67,"Tmin","Available data",-77.0103722222222,-11.7992111111111,".6 - .7"
"PE111047",-0.12,1.2,0.65,"Tmax","Available data",-77.0103722222222,-11.7992111111111,".6 - .7"
"PE111097",0.14,0.83,0.74,"Tmin","Available data",-75.2966388888889,-11.8752222222222,".7 - .8"
"PE111097",0.2,0.79,0.75,"Tmax","Available data",-75.2966388888889,-11.8752222222222,".7 - .8"
"PE111583",0.22,0.8,0.67,"Tmax","Available data",-75.9887777777778,-11.1432777777778,".6 - .7"
"PE111583",0.04,1.19,0.69,"Tmin","Available data",-75.9887777777778,-11.1432777777778,".6 - .7"
"PE112012",0.23,1.37,0.7,"Tmin","Available data",-74.8841388888889,-12.4020277777778,".7 - .8"
"PE112012",0.2,0.73,0.71,"Tmax","Available data",-74.8841388888889,-12.4020277777778,".7 - .8"
"PE112028",0.08,1.03,0.7,"Tmin","Available data",-75.4317777777778,-12.1245277777778,".7 - .8"
"PE112028",0.14,0.86,0.69,"Tmax","Available data",-75.4317777777778,-12.1245277777778,".6 - .7"
"PE112036",0.14,1.64,0.59,"Tmax","Available data",-72.6917388888889,-12.85645,".5 - .6"
"PE112037",0.17,0.92,0.69,"Tmax","Available data",-75.2283055555556,-12.1560277777778,".6 - .7"
"PE112037",0.1,1.11,0.7,"Tmin","Available data",-75.2283055555556,-12.1560277777778,".7 - .8"
"PE112044",0.01,0.25,0.89,"Tmin","Available data",-77.04254,-12.07924,".8 - .9"
"PE112044",0.31,0.38,0.86,"Tmax","Available data",-77.04254,-12.07924,".8 - .9"
"PE112051",0.03,0.89,0.67,"Tmax","Available data",-75.05725,-12.3607777777778,".6 - .7"
"PE112051",0.03,1.57,0.61,"Tmin","Available data",-75.05725,-12.3607777777778,".6 - .7"
"PE112054",0.24,1.1,0.6,"Tmax","Available data",-76.4931388888889,-12.5216944444444,".6 - .7"
"PE112054",0.05,0.65,0.64,"Tmin","Available data",-76.4931388888889,-12.5216944444444,".6 - .7"
"PE112055",0.31,1.07,0.61,"Tmax","Available data",-76.2342944444444,-12.1388555555556,".6 - .7"
"PE112055",0.15,0.92,0.57,"Tmin","Available data",-76.2342944444444,-12.1388555555556,".5 - .6"
"PE112056",0.04,1.14,0.71,"Tmin","Available data",-75.3205,-12.0401944444444,".7 - .8"
"PE112056",0.24,1.55,0.6,"Tmin","10-years data",-75.3205,-12.0401944444444,".6 - .7"
"PE112056",0.09,1.05,0.65,"Tmax","10-years data",-75.3205,-12.0401944444444,".6 - .7"
"PE112056",-0.01,0.84,0.71,"Tmax","Available data",-75.3205,-12.0401944444444,".7 - .8"
"PE112058",0.09,0.89,0.57,"Tmin","Available data",-76.0579277777778,-12.8668916666667,".5 - .6"
"PE112058",0.16,1.01,0.64,"Tmax","Available data",-76.0579277777778,-12.8668916666667,".6 - .7"
"PE112059",0.18,1.03,0.58,"Tmax","Available data",-75.3605277777778,-12.2522777777778,".5 - .6"
"PE112059",-0.2,2.04,0.58,"Tmin","Available data",-75.3605277777778,-12.2522777777778,".5 - .6"
"PE112065",0.12,0.95,0.71,"Tmax","Available data",-74.7180833333333,-12.9819444444444,".7 - .8"
"PE112065",0.05,1.13,0.65,"Tmin","Available data",-74.7180833333333,-12.9819444444444,".6 - .7"
"PE112067",0.18,1.04,0.67,"Tmax","Available data",-74.5616111111111,-12.8436111111111,".6 - .7"
"PE112067",0.09,0.77,0.62,"Tmin","Available data",-74.5616111111111,-12.8436111111111,".6 - .7"
"PE112083",0.1,0.98,0.7,"Tmax","Available data",-75.2215833333333,-12.0095555555556,".7 - .8"
"PE112083",0.07,0.98,0.74,"Tmin","Available data",-75.2215833333333,-12.0095555555556,".7 - .8"
"PE112142",0.07,1.15,0.55,"Tmin","Available data",-75.2417777777778,-12.5803055555555,".5 - .6"
"PE112154",0.4,1.38,0.65,"Tmax","Available data",-72.2836111111111,-12.6836111111111,".6 - .7"
"PE112154",0.14,0.89,0.59,"Tmin","Available data",-72.2836111111111,-12.6836111111111,".5 - .6"
"PE112163",0.28,1.14,0.66,"Tmax","Available data",-74.6668055555556,-12.4147222222222,".6 - .7"
"PE112163",0.11,0.74,0.63,"Tmin","Available data",-74.6668055555556,-12.4147222222222,".6 - .7"
"PE112171",-0.55,0.98,0.65,"Tmax","10-years data",-77.0431666666667,-12.0705277777778,".6 - .7"
"PE112171",0.04,0.43,0.78,"Tmin","Available data",-77.0431666666667,-12.0705277777778,".7 - .8"
"PE112171",0.03,0.65,0.76,"Tmax","Available data",-77.0431666666667,-12.0705277777778,".7 - .8"
"PE112171",-0.5,0.75,0.65,"Tmin","10-years data",-77.0431666666667,-12.0705277777778,".6 - .7"
"PE113006",-0.15,0.92,0.62,"Tmin","Available data",-76.3304194444445,-13.07475,".6 - .7"
"PE113006",-0.1,1.02,0.64,"Tmax","Available data",-76.3304194444445,-13.07475,".6 - .7"
"PE113010",0.01,1.05,0.56,"Tmin","Available data",-75.6070361111111,-13.843,".5 - .6"
"PE113010",0.18,0.85,0.7,"Tmax","Available data",-75.6070361111111,-13.843,".7 - .8"
"PE113016",-0.04,1.34,0.53,"Tmin","Available data",-75.0859611111111,-13.2593166666667,".5 - .6"
"PE113022",0.05,0.9,0.67,"Tmin","Available data",-74.0681111111111,-13.749,".6 - .7"
"PE113022",0.19,1.12,0.69,"Tmax","Available data",-74.0681111111111,-13.749,".6 - .7"
"PE113025",0.22,0.84,0.72,"Tmax","Available data",-73.3667777777778,-13.6486388888889,".7 - .8"
"PE113025",0.21,1.04,0.63,"Tmin","Available data",-73.3667777777778,-13.6486388888889,".6 - .7"
"PE113029",0.2,1.1,0.68,"Tmax","Available data",-72.7348888888889,-13.5526111111111,".6 - .7"
"PE113029",0.16,0.89,0.55,"Tmin","Available data",-72.7348888888889,-13.5526111111111,".5 - .6"
"PE113034",0.09,1.04,0.69,"Tmax","Available data",-72.1245555555556,-13.3051666666667,".6 - .7"
"PE113034",0.19,1.47,0.55,"Tmax","10-years data",-72.1245555555556,-13.3051666666667,".5 - .6"
"PE113034",0.07,1.1,0.63,"Tmin","Available data",-72.1245555555556,-13.3051666666667,".6 - .7"
"PE113034",0.06,1.39,0.53,"Tmin","10-years data",-72.1245555555556,-13.3051666666667,".5 - .6"
"PE113035",0.3,1.05,0.67,"Tmax","Available data",-72.2187611111111,-13.4724194444444,".6 - .7"
"PE113035",0.23,1.44,0.61,"Tmin","Available data",-72.2187611111111,-13.4724194444444,".6 - .7"
"PE113037",0.56,1.11,0.65,"Tmax","Available data",-71.8446944444444,-13.7669722222222,".6 - .7"
"PE113037",0.32,0.91,0.7,"Tmin","Available data",-71.8446944444444,-13.7669722222222,".7 - .8"
"PE113038",0.07,1.14,0.58,"Tmin","Available data",-71.6838888888889,-13.9216111111111,".5 - .6"
"PE113038",-0.05,1.01,0.66,"Tmax","Available data",-71.6838888888889,-13.9216111111111,".6 - .7"
"PE113041",-0.1,1.31,0.57,"Tmax","10-years data",-71.5601111111111,-13.6098888888889,".5 - .6"
"PE113041",-0.04,0.91,0.7,"Tmax","Available data",-71.5601111111111,-13.6098888888889,".7 - .8"
"PE113041",-0.03,1.39,0.6,"Tmin","Available data",-71.5601111111111,-13.6098888888889,".6 - .7"
"PE113041",0.32,1.81,0.48,"Tmin","10-years data",-71.5601111111111,-13.6098888888889,"< .5"
"PE113044",0.14,1.22,0.44,"Tmin","Available data",-70.4971388888889,-13.8038888888889,"< .5"
"PE113058",0.07,0.95,0.7,"Tmin","Available data",-75.7205222222222,-13.9997833333333,".7 - .8"
"PE113058",0.17,0.86,0.71,"Tmax","Available data",-75.7205222222222,-13.9997833333333,".7 - .8"
"PE113081",0.17,0.46,0.81,"Tmax","Available data",-75.7869694444444,-13.2105805555556,".8 - .9"
"PE113100",0.09,1.13,0.65,"Tmin","Available data",-73.9523888888889,-13.6688055555556,".6 - .7"
"PE113100",0.16,0.89,0.67,"Tmax","Available data",-73.9523888888889,-13.6688055555556,".6 - .7"
"PE113116",0.3,1.08,0.67,"Tmax","Available data",-71.6733611111111,-13.3631305555556,".6 - .7"
"PE113116",0.19,0.75,0.59,"Tmin","Available data",-71.6733611111111,-13.3631305555556,".5 - .6"
"PE113122",0.22,1.16,0.58,"Tmax","Available data",-71.7002777777778,-13.5999888888889,".5 - .6"
"PE113122",0.17,1.2,0.58,"Tmin","Available data",-71.7002777777778,-13.5999888888889,".5 - .6"
"PE113128",0.29,0.98,0.54,"Tmax","Available data",-75.3821222222222,-13.7904666666667,".5 - .6"
"PE113128",0.22,1.09,0.48,"Tmin","Available data",-75.3821222222222,-13.7904666666667,"< .5"
"PE114006",-0.07,1.38,0.6,"Tmin","Available data",-75.2130555555556,-14.526475,".6 - .7"
"PE114006",-0.04,0.83,0.67,"Tmax","Available data",-75.2130555555556,-14.526475,".6 - .7"
"PE114008",-0.02,1,0.67,"Tmin","Available data",-75.7110083333333,-14.0733083333333,".6 - .7"
"PE114008",-0.05,1.17,0.6,"Tmax","10-years data",-75.7110083333333,-14.0733083333333,".6 - .7"
"PE114008",0.08,0.96,0.67,"Tmax","Available data",-75.7110083333333,-14.0733083333333,".6 - .7"
"PE114008",-0.34,1.21,0.6,"Tmin","10-years data",-75.7110083333333,-14.0733083333333,".6 - .7"
"PE114018",-0.02,0.94,0.64,"Tmax","Available data",-74.8908194444445,-14.9750111111111,".6 - .7"
"PE114018",0.16,1.03,0.66,"Tmin","Available data",-74.8908194444445,-14.9750111111111,".6 - .7"
"PE114020",0.05,1.23,0.61,"Tmax","Available data",-75.6820833333333,-14.3784388888889,".6 - .7"
"PE114020",0.02,1.36,0.63,"Tmin","Available data",-75.6820833333333,-14.3784388888889,".6 - .7"
"PE114023",-0.01,1.22,0.59,"Tmin","Available data",-74.1315972222222,-14.699275,".5 - .6"
"PE114030",0.22,1.59,0.57,"Tmin","Available data",-72.0877388888889,-14.3987805555556,".5 - .6"
"PE114030",0.2,1.1,0.64,"Tmax","Available data",-72.0877388888889,-14.3987805555556,".6 - .7"
"PE114032",0.16,0.8,0.71,"Tmax","Available data",-71.43075,-14.8029166666667,".7 - .8"
"PE114032",0.14,1.48,0.69,"Tmin","Available data",-71.43075,-14.8029166666667,".6 - .7"
"PE114033",0.21,1.34,0.64,"Tmin","Available data",-71.2366944444444,-14.2373611111111,".6 - .7"
"PE114033",0.18,0.85,0.71,"Tmax","Available data",-71.2366944444444,-14.2373611111111,".7 - .8"
"PE114034",0.25,1.17,0.72,"Tmin","Available data",-70.8805277777778,-14.9528611111111,".7 - .8"
"PE114034",0.24,0.85,0.71,"Tmax","Available data",-70.8805277777778,-14.9528611111111,".7 - .8"
"PE114035",-0.25,1.48,0.54,"Tmax","10-years data",-70.7156944444445,-14.7847777777778,".5 - .6"
"PE114035",-0.05,1.12,0.65,"Tmax","Available data",-70.7156944444445,-14.7847777777778,".6 - .7"
"PE114035",-0.05,1.64,0.66,"Tmin","Available data",-70.7156944444445,-14.7847777777778,".6 - .7"
"PE114035",-0.2,2.31,0.54,"Tmin","10-years data",-70.7156944444445,-14.7847777777778,".5 - .6"
"PE114038",-0.04,1.4,0.66,"Tmin","Available data",-70.5931111111111,-14.8718611111111,".6 - .7"
"PE114038",0.03,1,0.69,"Tmax","Available data",-70.5931111111111,-14.8718611111111,".6 - .7"
"PE114038",-0.09,2.19,0.48,"Tmin","10-years data",-70.5931111111111,-14.8718611111111,"< .5"
"PE114038",-0.45,1.42,0.54,"Tmax","10-years data",-70.5931111111111,-14.8718611111111,".5 - .6"
"PE114039",0.27,1.04,0.64,"Tmax","Available data",-70.4220555555556,-14.06675,".6 - .7"
"PE114039",0.27,1.63,0.58,"Tmin","Available data",-70.4220555555556,-14.06675,".5 - .6"
"PE114040",0.26,1.24,0.56,"Tmax","10-years data",-70.3678055555556,-14.6716944444444,".5 - .6"
"PE114040",0.01,1.16,0.61,"Tmin","Available data",-70.3678055555556,-14.6716944444444,".6 - .7"
"PE114040",0.03,0.95,0.66,"Tmax","Available data",-70.3678055555556,-14.6716944444444,".6 - .7"
"PE114040",-0.17,1.61,0.45,"Tmin","10-years data",-70.3678055555556,-14.6716944444444,"< .5"
"PE114041",-0.04,1.07,0.69,"Tmin","Available data",-70.1904722222222,-14.9171944444444,".6 - .7"
"PE114041",0.07,0.86,0.7,"Tmax","Available data",-70.1904722222222,-14.9171944444444,".7 - .8"
"PE114042",0.01,1.03,0.68,"Tmax","Available data",-69.9518055555556,-14.7669444444444,".6 - .7"
"PE114042",-0.07,1.47,0.5,"Tmin","10-years data",-69.9518055555556,-14.7669444444444,".5 - .6"
"PE114042",0.2,1.38,0.56,"Tmax","10-years data",-69.9518055555556,-14.7669444444444,".5 - .6"
"PE114042",0.02,1.09,0.63,"Tmin","Available data",-69.9518055555556,-14.7669444444444,".6 - .7"
"PE114043",-0.07,1.35,0.47,"Tmin","Available data",-69.152222,-14.22,"< .5"
"PE114043",-0.01,1.81,0.58,"Tmax","Available data",-69.152222,-14.22,".5 - .6"
"PE114046",0.23,0.83,0.69,"Tmin","Available data",-71.5725833333333,-14.0278055555556,".6 - .7"
"PE114046",0.34,0.71,0.74,"Tmax","Available data",-71.5725833333333,-14.0278055555556,".7 - .8"
"PE114050",0.35,1.07,0.6,"Tmax","Available data",-69.5345277777778,-14.6787222222222,".6 - .7"
"PE114050",0.06,1.13,0.52,"Tmin","Available data",-69.5345277777778,-14.6787222222222,".5 - .6"
"PE114058",0.22,0.89,0.6,"Tmax","Available data",-70.0259166666667,-14.3641944444444,".6 - .7"
"PE114058",0.28,1.64,0.63,"Tmin","Available data",-70.0259166666667,-14.3641944444444,".6 - .7"
"PE114066",0.23,0.89,0.66,"Tmax","Available data",-75.103975,-14.2373083333333,".6 - .7"
"PE114066",0.25,1.2,0.57,"Tmin","Available data",-75.103975,-14.2373083333333,".5 - .6"
"PE114093",0.04,1.16,0.71,"Tmin","Available data",-69.8756944444444,-14.921,".7 - .8"
"PE114093",0.52,0.93,0.67,"Tmax","Available data",-69.8756944444444,-14.921,".6 - .7"
"PE115015",0.07,1,0.62,"Tmax","Available data",-73.7794472222222,-15.0119444444444,".6 - .7"
"PE115015",0.06,1.17,0.56,"Tmin","Available data",-73.7794472222222,-15.0119444444444,".5 - .6"
"PE115018",0.01,1.41,0.52,"Tmin","Available data",-73.3625861111111,-15.7756805555556,".5 - .6"
"PE115018",0,0.76,0.71,"Tmax","Available data",-73.3625861111111,-15.7756805555556,".7 - .8"
"PE115019",0.02,1.18,0.59,"Tmax","Available data",-72.8932527777778,-15.2113361111111,".5 - .6"
"PE115019",0.12,0.95,0.59,"Tmin","Available data",-72.8932527777778,-15.2113361111111,".5 - .6"
"PE115021",0.17,0.84,0.68,"Tmin","Available data",-72.5668305555556,-15.7167222222222,".6 - .7"
"PE115021",0.2,0.65,0.72,"Tmax","Available data",-72.5668305555556,-15.7167222222222,".7 - .8"
"PE115023",-0.15,0.94,0.68,"Tmax","Available data",-71.6512333333333,-15.1825305555556,".6 - .7"
"PE115023",-0.31,1.24,0.7,"Tmin","Available data",-71.6512333333333,-15.1825305555556,".7 - .8"
"PE115024",-0.24,2.14,0.52,"Tmin","10-years data",-71.4569722222222,-15.4891944444444,".5 - .6"
"PE115024",0.07,1.02,0.69,"Tmax","Available data",-71.4569722222222,-15.4891944444444,".6 - .7"
"PE115024",-0.08,1.35,0.58,"Tmax","10-years data",-71.4569722222222,-15.4891944444444,".5 - .6"
"PE115024",0.02,1.49,0.67,"Tmin","Available data",-71.4569722222222,-15.4891944444444,".6 - .7"
"PE115025",0.27,0.98,0.7,"Tmax","Available data",-71.6016888888889,-15.6416277777778,".7 - .8"
"PE115025",0.25,0.9,0.68,"Tmin","Available data",-71.6016888888889,-15.6416277777778,".6 - .7"
"PE115027",0.29,1.27,0.71,"Tmin","Available data",-70.6757777777778,-15.4835277777778,".7 - .8"
"PE115027",0.28,0.91,0.72,"Tmax","Available data",-70.6757777777778,-15.4835277777778,".7 - .8"
"PE115029",-0.19,2.5,0.51,"Tmin","10-years data",-71.0906166666667,-15.8426555555556,".5 - .6"
"PE115029",0.01,1.74,0.66,"Tmin","Available data",-71.0906166666667,-15.8426555555556,".6 - .7"
"PE115029",0,0.99,0.68,"Tmax","Available data",-71.0906166666667,-15.8426555555556,".6 - .7"
"PE115029",0.13,1.28,0.57,"Tmax","10-years data",-71.0906166666667,-15.8426555555556,".5 - .6"
"PE115033",0.35,0.7,0.75,"Tmax","Available data",-70.3466083333333,-15.6391083333333,".7 - .8"
"PE115033",0.22,1.28,0.59,"Tmin","Available data",-70.3466083333333,-15.6391083333333,".5 - .6"
"PE115035",0.17,1.16,0.67,"Tmin","Available data",-70.1182222222222,-15.13625,".6 - .7"
"PE115035",-0.02,0.96,0.67,"Tmax","Available data",-70.1182222222222,-15.13625,".6 - .7"
"PE115037",0.29,1.52,0.58,"Tmin","10-years data",-69.7583055555556,-15.2068611111111,".5 - .6"
"PE115037",-0.03,0.73,0.72,"Tmax","Available data",-69.7583055555556,-15.2068611111111,".7 - .8"
"PE115037",0.02,1.1,0.68,"Tmin","Available data",-69.7583055555556,-15.2068611111111,".6 - .7"
"PE115037",0.09,0.97,0.64,"Tmax","10-years data",-69.7583055555556,-15.2068611111111,".6 - .7"
"PE115038",0.03,1.04,0.62,"Tmin","Available data",-69.4842777777778,-15.3882777777778,".6 - .7"
"PE115038",0.16,1.47,0.46,"Tmin","10-years data",-69.4842777777778,-15.3882777777778,"< .5"
"PE115038",-0.04,0.92,0.68,"Tmax","Available data",-69.4842777777778,-15.3882777777778,".6 - .7"
"PE115038",-0.08,1.26,0.55,"Tmax","10-years data",-69.4842777777778,-15.3882777777778,".5 - .6"
"PE115041",0.14,0.76,0.65,"Tmin","Available data",-71.9740861111111,-15.6225944444445,".6 - .7"
"PE115041",0.18,0.93,0.66,"Tmax","Available data",-71.9740861111111,-15.6225944444445,".6 - .7"
"PE115046",0.36,0.72,0.72,"Tmax","Available data",-70.3666388888889,-15.0456666666667,".7 - .8"
"PE115046",0.16,1.05,0.76,"Tmin","Available data",-70.3666388888889,-15.0456666666667,".7 - .8"
"PE115047",0.28,0.83,0.69,"Tmax","Available data",-69.9724722222222,-15.3116666666667,".6 - .7"
"PE115047",0.24,1.26,0.66,"Tmin","Available data",-69.9724722222222,-15.3116666666667,".6 - .7"
"PE115049",0.03,1.03,0.49,"Tmin","Available data",-69.6910555555556,-15.7701944444445,"< .5"
"PE115049",0.27,1.09,0.58,"Tmax","Available data",-69.6910555555556,-15.7701944444445,".5 - .6"
"PE115051",0.19,1.37,0.6,"Tmin","Available data",-70.3395,-15.7994444444445,".6 - .7"
"PE115051",0.21,0.76,0.73,"Tmax","Available data",-70.3395,-15.7994444444445,".7 - .8"
"PE115053",0.23,1.06,0.59,"Tmax","Available data",-69.3555555555556,-15.0166666666667,".5 - .6"
"PE115053",-0.01,1.66,0.61,"Tmin","Available data",-69.3555555555556,-15.0166666666667,".6 - .7"
"PE115084",0.28,0.88,0.58,"Tmax","Available data",-72.7527777777778,-15.1358333333333,".5 - .6"
"PE115084",0.1,0.72,0.63,"Tmin","Available data",-72.7527777777778,-15.1358333333333,".6 - .7"
"PE115085",0.2,0.73,0.74,"Tmax","Available data",-72.3550972222222,-15.5009,".7 - .8"
"PE115085",0.19,0.65,0.73,"Tmin","Available data",-72.3550972222222,-15.5009,".7 - .8"
"PE115086",0.22,1.18,0.63,"Tmin","Available data",-72.3386111111111,-15.2605555555556,".6 - .7"
"PE115086",0.48,1.39,0.53,"Tmax","Available data",-72.3386111111111,-15.2605555555556,".5 - .6"
"PE115089",0.16,0.85,0.5,"Tmin","Available data",-72.1293222222222,-15.5749694444445,".5 - .6"
"PE115089",0.25,1.08,0.56,"Tmax","Available data",-72.1293222222222,-15.5749694444445,".5 - .6"
"PE115090",0.24,0.81,0.72,"Tmax","Available data",-72.106925,-15.7320055555556,".7 - .8"
"PE115090",0.15,0.82,0.67,"Tmin","Available data",-72.106925,-15.7320055555556,".6 - .7"
"PE115101",0.35,0.84,0.7,"Tmax","Available data",-71.3166666666667,-15.35,".7 - .8"
"PE115101",0.24,0.76,0.68,"Tmin","Available data",-71.3166666666667,-15.35,".6 - .7"
"PE115126",0.45,0.93,0.68,"Tmax","Available data",-71.2166944444444,-15.98125,".6 - .7"
"PE115126",0.37,1.17,0.76,"Tmin","Available data",-71.2166944444444,-15.98125,".7 - .8"
"PE115128",0.15,1.15,0.6,"Tmax","Available data",-72.8758333333333,-15.7765,".6 - .7"
"PE115128",0.17,0.78,0.65,"Tmin","Available data",-72.8758333333333,-15.7765,".6 - .7"
"PE115129",0.2,0.93,0.6,"Tmin","Available data",-72.5032222222222,-15.6532222222222,".6 - .7"
"PE115129",0.28,1.06,0.62,"Tmax","Available data",-72.5032222222222,-15.6532222222222,".6 - .7"
"PE115136",-0.37,1.12,0.46,"Tmax","Available data",-74.8292,-15.5678,"< .5"
"PE115136",-0.31,1.08,0.43,"Tmin","Available data",-74.8292,-15.5678,"< .5"
"PE115138",0.26,1.05,0.75,"Tmin","Available data",-70.2078888888889,-15.4441944444445,".7 - .8"
"PE115138",0.36,0.73,0.72,"Tmax","Available data",-70.2078888888889,-15.4441944444445,".7 - .8"
"PE115140",0.02,0.82,0.71,"Tmax","Available data",-70.5992222222222,-15.6939722222222,".7 - .8"
"PE115140",-0.07,1.17,0.75,"Tmin","Available data",-70.5992222222222,-15.6939722222222,".7 - .8"
"PE116003",0.16,0.54,0.76,"Tmax","Available data",-71.5663472222222,-16.4577416666667,".7 - .8"
"PE116003",0.18,0.82,0.7,"Tmin","Available data",-71.5663472222222,-16.4577416666667,".7 - .8"
"PE116005",-0.01,0.79,0.72,"Tmax","Available data",-71.9246361111111,-16.5835861111111,".7 - .8"
"PE116005",-0.02,1.64,0.5,"Tmin","10-years data",-71.9246361111111,-16.5835861111111,".5 - .6"
"PE116005",0.02,1.2,0.63,"Tmin","Available data",-71.9246361111111,-16.5835861111111,".6 - .7"
"PE116005",-0.02,1.26,0.56,"Tmax","10-years data",-71.9246361111111,-16.5835861111111,".5 - .6"
"PE116006",-0.41,1.34,0.53,"Tmin","10-years data",-72.1526555555556,-16.3356527777778,".5 - .6"
"PE116006",-0.01,0.81,0.71,"Tmax","Available data",-72.1526555555556,-16.3356527777778,".7 - .8"
"PE116006",0.08,1.25,0.55,"Tmax","10-years data",-72.1526555555556,-16.3356527777778,".5 - .6"
"PE116006",0,0.98,0.65,"Tmin","Available data",-72.1526555555556,-16.3356527777778,".6 - .7"
"PE116009",0.29,0.98,0.55,"Tmin","Available data",-68.8503333333333,-16.3299166666667,".5 - .6"
"PE116009",0.28,0.77,0.63,"Tmax","Available data",-68.8503333333333,-16.3299166666667,".6 - .7"
"PE116011",-0.03,0.88,0.52,"Tmin","Available data",-73.6941666666667,-16.2283333333333,".5 - .6"
"PE116011",-0.04,1.17,0.46,"Tmax","Available data",-73.6941666666667,-16.2283333333333,"< .5"
"PE116013",-0.02,1.09,0.53,"Tmin","Available data",-72.7015638888889,-16.6403388888889,".5 - .6"
"PE116013",0.01,1.11,0.52,"Tmax","Available data",-72.7015638888889,-16.6403388888889,".5 - .6"
"PE116014",0.7,1.83,0.35,"Tmin","10-years data",-72.4922583333333,-16.0728777777778,"< .5"
"PE116014",0,1.27,0.51,"Tmax","Available data",-72.4922583333333,-16.0728777777778,".5 - .6"
"PE116014",0.05,1.68,0.42,"Tmin","Available data",-72.4922583333333,-16.0728777777778,"< .5"
"PE116014",0.36,1.35,0.47,"Tmax","10-years data",-72.4922583333333,-16.0728777777778,"< .5"
"PE116017",0,0.92,0.66,"Tmin","Available data",-71.5345305555555,-16.4137944444444,".6 - .7"
"PE116017",0.42,1.05,0.58,"Tmax","10-years data",-71.5345305555555,-16.4137944444444,".5 - .6"
"PE116017",0.24,1.09,0.59,"Tmin","10-years data",-71.5345305555555,-16.4137944444444,".5 - .6"
"PE116017",-0.01,0.8,0.69,"Tmax","Available data",-71.5345305555555,-16.4137944444444,".6 - .7"
"PE116021",0.27,0.79,0.72,"Tmax","Available data",-71.18475,-16.6297777777778,".7 - .8"
"PE116022",-0.1,1.25,0.73,"Tmin","Available data",-71.1891027777778,-16.1548194444444,".7 - .8"
"PE116022",-0.05,1.2,0.64,"Tmax","Available data",-71.1891027777778,-16.1548194444444,".6 - .7"
"PE116022",0.13,1.47,0.56,"Tmax","10-years data",-71.1891027777778,-16.1548194444444,".5 - .6"
"PE116022",0.19,2.27,0.53,"Tmin","10-years data",-71.1891027777778,-16.1548194444444,".5 - .6"
"PE116025",-0.04,0.92,0.47,"Tmin","Available data",-70.6957777777778,-16.8118333333333,"< .5"
"PE116026",0.01,1.37,0.65,"Tmax","Available data",-69.7154444444444,-16.7388888888889,".6 - .7"
"PE116026",0.65,3.19,0.54,"Tmin","10-years data",-69.7154444444444,-16.7388888888889,".5 - .6"
"PE116026",0,2.58,0.63,"Tmin","Available data",-69.7154444444444,-16.7388888888889,".6 - .7"
"PE116026",0.87,1.71,0.57,"Tmax","10-years data",-69.7154444444444,-16.7388888888889,".5 - .6"
"PE116027",-0.24,1.07,0.59,"Tmax","10-years data",-69.6403888888889,-16.0599444444444,".5 - .6"
"PE116027",-0.02,0.74,0.71,"Tmax","Available data",-69.6403888888889,-16.0599444444444,".7 - .8"
"PE116027",0.06,1.35,0.6,"Tmin","Available data",-69.6403888888889,-16.0599444444444,".6 - .7"
"PE116027",0.23,1.74,0.5,"Tmin","10-years data",-69.6403888888889,-16.0599444444444,".5 - .6"
"PE116029",0.18,1.04,0.68,"Tmax","Available data",-69.3685555555556,-16.9070277777778,".6 - .7"
"PE116029",0.21,1.54,0.63,"Tmin","Available data",-69.3685555555556,-16.9070277777778,".6 - .7"
"PE116030",0.15,0.76,0.69,"Tmax","Available data",-69.0747222222222,-16.3078333333333,".6 - .7"
"PE116030",0.01,1.02,0.66,"Tmin","Available data",-69.0747222222222,-16.3078333333333,".6 - .7"
"PE116033",0.4,1.68,0.64,"Tmin","Available data",-70.0458888888889,-16.136,".6 - .7"
"PE116033",0.22,0.84,0.72,"Tmax","Available data",-70.0458888888889,-16.136,".7 - .8"
"PE116049",0.11,0.77,0.6,"Tmin","Available data",-70.8785833333333,-16.7497222222222,".6 - .7"
"PE116049",0.36,1.01,0.63,"Tmax","Available data",-70.8785833333333,-16.7497222222222,".6 - .7"
"PE116060",-0.06,0.93,0.65,"Tmax","Available data",-69.0368055555556,-16.5632777777778,".6 - .7"
"PE116060",0.43,1.41,0.62,"Tmin","Available data",-69.0368055555556,-16.5632777777778,".6 - .7"
"PE116061",0.01,0.63,0.7,"Tmax","Available data",-69.4599166666667,-16.2037777777778,".7 - .8"
"PE116061",0.08,0.98,0.64,"Tmin","Available data",-69.4599166666667,-16.2037777777778,".6 - .7"
"PE116061",-0.08,0.86,0.58,"Tmax","10-years data",-69.4599166666667,-16.2037777777778,".5 - .6"
"PE116061",-0.11,1.3,0.53,"Tmin","10-years data",-69.4599166666667,-16.2037777777778,".5 - .6"
"PE117002",0.13,1.1,0.56,"Tmax","10-years data",-70.9326944444445,-17.17875,".5 - .6"
"PE117002",-0.5,1.55,0.42,"Tmin","10-years data",-70.9326944444445,-17.17875,"< .5"
"PE117002",0.04,0.98,0.61,"Tmax","Available data",-70.9326944444445,-17.17875,".6 - .7"
"PE117002",0.01,1.46,0.49,"Tmin","Available data",-70.9326944444445,-17.17875,"< .5"
"PE117003",-0.08,1.31,0.55,"Tmin","10-years data",-70.1926388888889,-17.9745833333333,".5 - .6"
"PE117003",-0.01,0.76,0.69,"Tmax","Available data",-70.1926388888889,-17.9745833333333,".6 - .7"
"PE117003",0,1.04,0.64,"Tmin","Available data",-70.1926388888889,-17.9745833333333,".6 - .7"
"PE117003",-0.22,0.97,0.62,"Tmax","10-years data",-70.1926388888889,-17.9745833333333,".6 - .7"
"PE117005",0,1.12,0.56,"Tmax","Available data",-71.7245388888889,-17.0714694444444,".5 - .6"
"PE117005",0.02,1.35,0.53,"Tmin","Available data",-71.7245388888889,-17.0714694444444,".5 - .6"
"PE117005",0.2,1.45,0.51,"Tmin","10-years data",-71.7245388888889,-17.0714694444444,".5 - .6"
"PE117005",0.35,1.22,0.52,"Tmax","10-years data",-71.7245388888889,-17.0714694444444,".5 - .6"
"PE117006",0.06,1.15,0.54,"Tmax","Available data",-71.5886111111111,-16.9991666666667,".5 - .6"
"PE117006",-0.02,1.31,0.58,"Tmin","Available data",-71.5886111111111,-16.9991666666667,".5 - .6"
"PE117008",-0.16,0.84,0.59,"Tmax","10-years data",-71.3733055555556,-17.6986111111111,".5 - .6"
"PE117008",0.02,0.99,0.57,"Tmin","Available data",-71.3733055555556,-17.6986111111111,".5 - .6"
"PE117008",-0.21,1.14,0.47,"Tmin","10-years data",-71.3733055555556,-17.6986111111111,"< .5"
"PE117008",0.01,0.77,0.61,"Tmax","Available data",-71.3733055555556,-17.6986111111111,".6 - .7"
"PE117010",-0.18,1.22,0.67,"Tmin","Available data",-70.7674722222222,-17.6161111111111,".6 - .7"
"PE117010",-0.14,1.01,0.66,"Tmax","Available data",-70.7674722222222,-17.6161111111111,".6 - .7"
"PE117012",-0.11,0.55,0.71,"Tmax","Available data",-70.9516944444444,-17.8600833333333,".7 - .8"
"PE117012",-0.09,0.65,0.69,"Tmin","Available data",-70.9516944444444,-17.8600833333333,".6 - .7"
"PE117013",0.36,0.96,0.73,"Tmax","Available data",-69.6436111111111,-17.305,".7 - .8"
"PE117013",0.48,2.69,0.65,"Tmin","Available data",-69.6436111111111,-17.305,".6 - .7"
"PE117014",0.29,0.93,0.69,"Tmax","Available data",-70.0430277777778,-17.0790555555556,".6 - .7"
"PE117014",0.35,1.82,0.67,"Tmin","Available data",-70.0430277777778,-17.0790555555556,".6 - .7"
"PE117018",-0.2,1.1,0.52,"Tmax","10-years data",-70.4896111111111,-17.7875833333333,".5 - .6"
"PE117018",-0.01,0.92,0.6,"Tmax","Available data",-70.4896111111111,-17.7875833333333,".6 - .7"
"PE117018",0,1.09,0.58,"Tmin","Available data",-70.4896111111111,-17.7875833333333,".5 - .6"
"PE117018",-0.01,1.34,0.48,"Tmin","10-years data",-70.4896111111111,-17.7875833333333,"< .5"
"PE117020",0.08,0.52,0.84,"Tmin","Available data",-70.0366388888889,-17.4793611111111,".8 - .9"
"PE117033",0.11,1.18,0.6,"Tmin","Available data",-70.1347222222222,-17.3477222222222,".6 - .7"
"PE117037",-0.02,1.21,0.53,"Tmin","Available data",-69.9586388888889,-17.7779444444444,".5 - .6"
"PE117039",0.18,1.03,0.55,"Tmin","Available data",-69.9997222222222,-17.5591666666667,".5 - .6"
"PE117041",0.33,1.55,0.68,"Tmin","Available data",-69.7355,-17.1877222222222,".6 - .7"
"PE117041",0.21,0.96,0.69,"Tmax","Available data",-69.7355,-17.1877222222222,".6 - .7"
"PE117043",0.42,1.59,0.66,"Tmin","Available data",-69.7803888888889,-17.5329166666667,".6 - .7"
"PE117043",0.39,1.16,0.67,"Tmax","Available data",-69.7803888888889,-17.5329166666667,".6 - .7"
"PE118002",-0.03,0.67,0.66,"Tmax","Available data",-70.5241111111111,-18.2067777777778,".6 - .7"
"PE118002",-0.04,1.25,0.64,"Tmin","Available data",-70.5241111111111,-18.2067777777778,".6 - .7"
"PE118004",0,0.61,0.73,"Tmax","Available data",-70.2515277777778,-18.0268888888889,".7 - .8"
"PE118004",0,0.7,0.7,"Tmin","Available data",-70.2515277777778,-18.0268888888889,".7 - .8"
